{
  "MSG001":"Los datos se registraron con éxito!",
  "MSG002":"Los datos se actualizaron con éxito!",
  "MSG003":"El registro ha sido borrado con éxito!",
  "MSG004":"No es posible registrar los datos, Compruebe los errores y vuelva a intentarlo.",
  "MSG005":"No es posible borrar el registro, Hay información vinculada con estos datos.",
  "MSG006":"La autenticación no se puede realizar, compruebe sus credenciales.",
  "MSG007":"Usted ha sido desconectado con éxito.",
  "MSG008":"No tiene una sesión activa, por favor vuelva a iniciar sesión.",
  "MSG009":"Usted no está autorizado a realizar esta acción.",
  "MSG010":"No es posible realizar esta acción, por favor inténtelo de nuevo más tarde.",
  "MSG011":"El recurso al que intenta acceder no se encuentra disponible.",
  "MSG012":"Este usuario se encuentra inhabilitado.",
  "MSG013":"Ya existe un registro con estos datos."
}